Time,Date
18:13:50.465,25.6.2026
18:13:51.474,25.6.2026
18:13:52.485,25.6.2026
18:13:53.486,25.6.2026
18:13:54.498,25.6.2026
18:13:55.517,25.6.2026
18:13:56.502,25.6.2026
18:13:57.504,25.6.2026
18:13:58.508,25.6.2026
18:13:59.497,25.6.2026
18:14:0.506,25.6.2026
18:14:1.516,25.6.2026
18:14:2.507,25.6.2026
18:14:3.497,25.6.2026
18:14:4.496,25.6.2026
18:14:5.492,25.6.2026
18:14:6.491,25.6.2026
18:14:7.506,25.6.2026
18:14:8.520,25.6.2026
18:14:9.544,25.6.2026
18:14:10.538,25.6.2026
18:14:11.539,25.6.2026
18:14:12.568,25.6.2026
18:14:13.569,25.6.2026
18:14:14.553,25.6.2026
18:14:15.558,25.6.2026
18:14:16.550,25.6.2026
18:14:17.558,25.6.2026
18:14:18.556,25.6.2026
18:14:19.566,25.6.2026
18:14:20.555,25.6.2026
18:14:21.555,25.6.2026
18:14:22.572,25.6.2026
18:14:23.542,25.6.2026
18:14:24.579,25.6.2026
18:14:25.555,25.6.2026
18:14:26.567,25.6.2026
18:14:27.563,25.6.2026
18:14:28.565,25.6.2026
18:14:29.559,25.6.2026
18:14:30.571,25.6.2026
18:14:31.584,25.6.2026
18:14:32.587,25.6.2026
18:14:33.578,25.6.2026
18:14:34.576,25.6.2026
18:14:35.573,25.6.2026
18:14:36.573,25.6.2026
18:14:37.570,25.6.2026
18:14:38.580,25.6.2026
18:14:39.607,25.6.2026
18:14:40.605,25.6.2026
18:14:41.590,25.6.2026
18:14:42.596,25.6.2026
18:14:43.596,25.6.2026
18:14:44.590,25.6.2026
18:14:45.577,25.6.2026
18:14:46.600,25.6.2026
18:14:47.632,25.6.2026
18:14:48.631,25.6.2026
18:14:49.663,25.6.2026
18:14:50.668,25.6.2026
18:14:51.637,25.6.2026
18:14:52.635,25.6.2026
18:14:53.644,25.6.2026
18:14:54.670,25.6.2026
18:14:55.670,25.6.2026
18:14:56.702,25.6.2026
18:14:57.688,25.6.2026
18:14:58.689,25.6.2026
18:14:59.700,25.6.2026
18:15:0.704,25.6.2026
18:15:1.685,25.6.2026
18:15:2.677,25.6.2026
18:15:3.678,25.6.2026
18:15:4.690,25.6.2026
18:15:5.704,25.6.2026
18:15:6.701,25.6.2026
18:15:7.698,25.6.2026
18:15:8.706,25.6.2026
18:15:9.713,25.6.2026
18:15:10.715,25.6.2026
18:15:11.719,25.6.2026
18:15:12.710,25.6.2026
18:15:13.713,25.6.2026
18:15:14.728,25.6.2026
18:15:15.738,25.6.2026
18:15:16.759,25.6.2026
18:15:17.755,25.6.2026
18:15:18.764,25.6.2026
18:15:19.743,25.6.2026
18:15:20.755,25.6.2026
18:15:21.759,25.6.2026
18:15:22.764,25.6.2026
18:15:23.763,25.6.2026
18:15:24.780,25.6.2026
18:15:25.775,25.6.2026
18:15:26.759,25.6.2026
18:15:27.751,25.6.2026
18:15:28.744,25.6.2026
18:15:29.742,25.6.2026
18:15:30.752,25.6.2026
18:15:31.741,25.6.2026
18:15:32.752,25.6.2026
18:15:33.748,25.6.2026
18:15:34.745,25.6.2026
18:15:35.741,25.6.2026
18:15:36.752,25.6.2026
18:15:37.767,25.6.2026
18:15:38.773,25.6.2026
18:15:39.791,25.6.2026
18:15:40.786,25.6.2026
18:15:41.787,25.6.2026
18:15:42.770,25.6.2026
18:15:43.771,25.6.2026
18:15:44.790,25.6.2026
18:15:45.801,25.6.2026
18:15:46.807,25.6.2026
18:15:47.799,25.6.2026
18:15:48.797,25.6.2026
18:15:49.797,25.6.2026
18:15:50.791,25.6.2026
18:15:51.790,25.6.2026
18:15:52.798,25.6.2026
18:15:53.795,25.6.2026
18:15:54.802,25.6.2026
18:15:55.799,25.6.2026
18:15:56.794,25.6.2026
18:15:57.835,25.6.2026
18:15:58.836,25.6.2026
18:15:59.845,25.6.2026
18:16:0.841,25.6.2026
18:16:1.862,25.6.2026
18:16:2.824,25.6.2026
18:16:3.827,25.6.2026
18:16:4.824,25.6.2026
18:16:5.821,25.6.2026
18:16:6.829,25.6.2026
18:16:7.846,25.6.2026
18:16:8.853,25.6.2026
18:16:9.835,25.6.2026
18:16:10.867,25.6.2026
18:16:11.897,25.6.2026
18:16:12.879,25.6.2026
18:16:13.878,25.6.2026
18:16:14.879,25.6.2026
18:16:15.877,25.6.2026
18:16:16.875,25.6.2026
18:16:17.878,25.6.2026
18:16:18.866,25.6.2026
18:16:19.896,25.6.2026
18:16:20.880,25.6.2026
18:16:21.887,25.6.2026
18:16:22.889,25.6.2026
18:16:23.890,25.6.2026
18:16:24.869,25.6.2026
18:16:25.869,25.6.2026
18:16:26.867,25.6.2026
18:16:27.869,25.6.2026
18:16:28.890,25.6.2026
18:16:29.894,25.6.2026
18:16:30.882,25.6.2026
18:16:31.884,25.6.2026
18:16:32.886,25.6.2026
18:16:33.881,25.6.2026
18:16:34.877,25.6.2026
18:16:35.879,25.6.2026
18:16:36.868,25.6.2026
18:16:37.866,25.6.2026
18:16:38.881,25.6.2026
18:16:39.902,25.6.2026
18:16:40.905,25.6.2026
18:16:41.920,25.6.2026
18:16:42.915,25.6.2026
18:16:43.927,25.6.2026
18:16:44.930,25.6.2026
18:16:45.929,25.6.2026
18:16:46.925,25.6.2026
18:16:47.912,25.6.2026
18:16:48.925,25.6.2026
18:16:49.922,25.6.2026
18:16:50.917,25.6.2026
18:16:51.930,25.6.2026
18:16:52.927,25.6.2026
18:16:53.924,25.6.2026
18:16:54.920,25.6.2026
18:16:55.917,25.6.2026
18:16:56.953,25.6.2026
18:16:57.940,25.6.2026
18:16:58.951,25.6.2026
18:16:59.936,25.6.2026
18:17:0.929,25.6.2026
18:17:1.920,25.6.2026
18:17:2.915,25.6.2026
18:17:3.923,25.6.2026
18:17:4.926,25.6.2026
18:17:5.941,25.6.2026
18:17:6.936,25.6.2026
18:17:7.946,25.6.2026
18:17:8.953,25.6.2026
18:17:9.954,25.6.2026
18:17:10.985,25.6.2026
18:17:11.982,25.6.2026
18:17:12.984,25.6.2026
18:17:13.961,25.6.2026
18:17:14.994,25.6.2026
18:17:15.965,25.6.2026
18:17:16.974,25.6.2026
18:17:17.965,25.6.2026
18:17:18.964,25.6.2026
18:17:20.004,25.6.2026
18:17:21.004,25.6.2026
18:17:21.986,25.6.2026
18:17:22.971,25.6.2026
18:17:23.995,25.6.2026
18:17:25.001,25.6.2026
18:17:26.012,25.6.2026
18:17:26.999,25.6.2026
18:17:27.995,25.6.2026
18:17:29.001,25.6.2026
18:17:30.002,25.6.2026
18:17:30.998,25.6.2026
18:17:32.053,25.6.2026
18:17:33.020,25.6.2026
18:17:34.006,25.6.2026
18:17:35.041,25.6.2026
18:17:36.011,25.6.2026
18:17:37.021,25.6.2026
18:17:38.019,25.6.2026
18:17:39.014,25.6.2026
18:17:40.013,25.6.2026
18:17:41.009,25.6.2026
18:17:42.028,25.6.2026
18:17:43.051,25.6.2026
18:17:44.037,25.6.2026
18:17:45.029,25.6.2026
18:17:46.045,25.6.2026
18:17:47.076,25.6.2026
18:17:48.042,25.6.2026
18:17:49.075,25.6.2026
18:17:50.078,25.6.2026
18:17:51.067,25.6.2026
18:17:52.095,25.6.2026
18:17:53.092,25.6.2026
18:17:54.091,25.6.2026
18:17:55.096,25.6.2026
18:17:56.108,25.6.2026
18:17:57.071,25.6.2026
18:17:58.110,25.6.2026
18:17:59.109,25.6.2026
18:18:0.104,25.6.2026
18:18:1.103,25.6.2026
18:18:2.155,25.6.2026
18:18:3.128,25.6.2026
18:18:4.141,25.6.2026
18:18:5.148,25.6.2026
18:18:6.160,25.6.2026
18:18:7.165,25.6.2026
18:18:8.155,25.6.2026
18:18:9.147,25.6.2026
18:18:10.179,25.6.2026
18:18:11.182,25.6.2026
18:18:12.186,25.6.2026
18:18:13.187,25.6.2026
18:18:14.200,25.6.2026
18:18:15.176,25.6.2026
18:18:16.206,25.6.2026
18:18:17.164,25.6.2026
18:18:18.172,25.6.2026
18:18:19.187,25.6.2026
18:18:20.182,25.6.2026
18:18:21.190,25.6.2026
18:18:22.193,25.6.2026
18:18:23.187,25.6.2026
18:18:24.199,25.6.2026
18:18:25.200,25.6.2026
18:18:26.180,25.6.2026
18:18:27.187,25.6.2026
18:18:28.183,25.6.2026
18:18:29.199,25.6.2026
18:18:30.223,25.6.2026
18:18:31.224,25.6.2026
18:18:32.234,25.6.2026
18:18:33.228,25.6.2026
18:18:34.231,25.6.2026
18:18:35.231,25.6.2026
18:18:36.233,25.6.2026
18:18:37.217,25.6.2026
18:18:38.241,25.6.2026
18:18:39.234,25.6.2026
18:18:40.230,25.6.2026
18:18:41.239,25.6.2026
18:18:42.216,25.6.2026
18:18:43.218,25.6.2026
18:18:44.239,25.6.2026
18:18:45.225,25.6.2026
18:18:46.230,25.6.2026
18:18:47.229,25.6.2026
18:18:48.227,25.6.2026
18:18:49.211,25.6.2026
18:18:50.241,25.6.2026
18:18:51.316,25.6.2026
18:18:52.243,25.6.2026
18:18:53.239,25.6.2026
18:18:54.217,25.6.2026
18:18:55.239,25.6.2026
18:18:56.224,25.6.2026
18:18:57.243,25.6.2026
18:18:58.253,25.6.2026
18:18:59.255,25.6.2026
18:19:0.269,25.6.2026
18:19:1.276,25.6.2026
18:19:2.291,25.6.2026
18:19:3.294,25.6.2026
18:19:4.302,25.6.2026
18:19:5.318,25.6.2026
18:19:6.333,25.6.2026
18:19:7.334,25.6.2026
18:19:8.345,25.6.2026
18:19:9.342,25.6.2026
18:19:10.359,25.6.2026
18:19:11.357,25.6.2026
18:19:12.358,25.6.2026
18:19:13.353,25.6.2026
18:19:14.354,25.6.2026
18:19:15.351,25.6.2026
18:19:16.365,25.6.2026
18:19:17.359,25.6.2026
18:19:18.358,25.6.2026
18:19:19.373,25.6.2026
18:19:20.366,25.6.2026
18:19:21.370,25.6.2026
18:19:22.383,25.6.2026
18:19:23.383,25.6.2026
18:19:24.383,25.6.2026
18:19:25.398,25.6.2026
18:19:26.381,25.6.2026
18:19:27.411,25.6.2026
18:19:28.401,25.6.2026
18:19:29.413,25.6.2026
18:19:30.419,25.6.2026
18:19:31.411,25.6.2026
18:19:32.412,25.6.2026
18:19:33.422,25.6.2026
18:19:34.414,25.6.2026
18:19:35.419,25.6.2026
18:19:36.419,25.6.2026
18:19:37.423,25.6.2026
18:19:38.427,25.6.2026
18:19:39.441,25.6.2026
18:19:40.440,25.6.2026
18:19:41.443,25.6.2026
18:19:42.449,25.6.2026
18:19:43.433,25.6.2026
18:19:44.444,25.6.2026
18:19:45.432,25.6.2026
18:19:46.431,25.6.2026
18:19:47.443,25.6.2026
18:19:48.442,25.6.2026
18:19:49.439,25.6.2026
18:19:50.416,25.6.2026
18:19:51.441,25.6.2026
18:19:52.420,25.6.2026
18:19:53.429,25.6.2026
18:19:54.440,25.6.2026
18:19:55.441,25.6.2026
18:19:56.450,25.6.2026
18:19:57.438,25.6.2026
18:19:58.442,25.6.2026
18:19:59.444,25.6.2026
18:20:0.451,25.6.2026
18:20:1.450,25.6.2026
18:20:2.445,25.6.2026
18:20:3.457,25.6.2026
18:20:4.478,25.6.2026
18:20:5.473,25.6.2026
18:20:6.504,25.6.2026
18:20:7.467,25.6.2026
18:20:8.470,25.6.2026
18:20:9.489,25.6.2026
18:20:10.464,25.6.2026
18:20:11.464,25.6.2026
18:20:12.475,25.6.2026
18:20:13.477,25.6.2026
18:20:14.469,25.6.2026
18:20:15.483,25.6.2026
18:20:16.454,25.6.2026
18:20:17.487,25.6.2026
18:20:18.477,25.6.2026
18:20:19.506,25.6.2026
18:20:20.518,25.6.2026
18:20:21.540,25.6.2026
18:20:22.534,25.6.2026
18:20:23.564,25.6.2026
18:20:24.564,25.6.2026
18:20:25.558,25.6.2026
18:20:26.569,25.6.2026
18:20:27.584,25.6.2026
18:20:28.599,25.6.2026
18:20:29.592,25.6.2026
18:20:30.603,25.6.2026
18:20:31.586,25.6.2026
18:20:32.595,25.6.2026
18:20:33.597,25.6.2026
18:20:34.606,25.6.2026
18:20:35.590,25.6.2026
18:20:36.588,25.6.2026
18:20:37.615,25.6.2026
18:20:38.593,25.6.2026
18:20:39.610,25.6.2026
18:20:40.736,25.6.2026
18:20:41.594,25.6.2026
18:20:42.599,25.6.2026
18:20:43.586,25.6.2026
18:20:44.589,25.6.2026
18:20:45.592,25.6.2026
18:20:46.582,25.6.2026
18:20:47.584,25.6.2026
18:20:48.572,25.6.2026
18:20:49.603,25.6.2026
18:20:50.613,25.6.2026
18:20:51.630,25.6.2026
18:20:52.626,25.6.2026
18:20:53.638,25.6.2026
18:20:54.646,25.6.2026
18:20:55.639,25.6.2026
18:20:56.649,25.6.2026
18:20:57.618,25.6.2026
18:20:58.644,25.6.2026
18:20:59.661,25.6.2026
18:21:0.654,25.6.2026
18:21:1.648,25.6.2026
18:21:2.659,25.6.2026
18:21:3.617,25.6.2026
18:21:4.639,25.6.2026
18:21:5.653,25.6.2026
18:21:6.652,25.6.2026
18:21:7.669,25.6.2026
18:21:8.682,25.6.2026
18:21:9.665,25.6.2026
18:21:10.669,25.6.2026
18:21:11.676,25.6.2026
18:21:12.648,25.6.2026
18:21:13.656,25.6.2026
18:21:14.666,25.6.2026
18:21:15.659,25.6.2026
18:21:16.654,25.6.2026
18:21:17.654,25.6.2026
18:21:18.669,25.6.2026
18:21:19.662,25.6.2026
18:21:25.404,25.6.2026
18:21:25.467,25.6.2026
18:21:25.802,25.6.2026
18:21:26.692,25.6.2026
18:21:27.739,25.6.2026
18:21:28.716,25.6.2026
18:21:31.954,25.6.2026
18:21:32.735,25.6.2026
18:21:33.748,25.6.2026
18:21:34.730,25.6.2026
18:21:35.741,25.6.2026
18:21:36.729,25.6.2026
18:21:37.755,25.6.2026
18:21:38.748,25.6.2026
18:21:39.766,25.6.2026
18:21:40.770,25.6.2026
18:21:41.737,25.6.2026
18:21:42.738,25.6.2026
18:21:43.757,25.6.2026
18:21:44.876,25.6.2026
18:21:45.793,25.6.2026
18:21:46.815,25.6.2026
18:21:47.807,25.6.2026
18:21:48.805,25.6.2026
18:21:49.792,25.6.2026
18:21:50.794,25.6.2026
18:21:51.824,25.6.2026
18:21:52.835,25.6.2026
18:21:53.833,25.6.2026
18:21:54.844,25.6.2026
18:21:55.831,25.6.2026
18:21:56.852,25.6.2026
18:21:57.861,25.6.2026
18:21:58.867,25.6.2026
18:21:59.869,25.6.2026
18:22:0.861,25.6.2026
18:22:1.846,25.6.2026
18:22:2.853,25.6.2026
Time,Date
,
