Date,Time
21.6.2026,19:52:31.419
21.6.2026,19:52:32.404
21.6.2026,19:52:33.415
21.6.2026,19:52:34.419
21.6.2026,19:52:35.418
21.6.2026,19:52:36.430
21.6.2026,19:52:37.428
21.6.2026,19:52:38.433
21.6.2026,19:52:39.441
21.6.2026,19:52:40.461
21.6.2026,19:52:41.452
21.6.2026,19:52:42.455
21.6.2026,19:52:43.476
21.6.2026,19:52:44.483
21.6.2026,19:52:45.484
21.6.2026,19:52:46.488
21.6.2026,19:52:47.495
21.6.2026,19:52:48.487
21.6.2026,19:52:49.486
21.6.2026,19:52:50.495
21.6.2026,19:52:51.487
21.6.2026,19:52:52.494
21.6.2026,19:52:53.482
21.6.2026,19:52:54.487
21.6.2026,19:52:55.485
21.6.2026,19:52:56.481
21.6.2026,19:52:57.508
21.6.2026,19:52:58.500
21.6.2026,19:52:59.504
21.6.2026,19:53:0.508
21.6.2026,19:53:1.505
21.6.2026,19:53:2.532
21.6.2026,19:53:3.542
21.6.2026,19:53:4.537
21.6.2026,19:53:5.537
21.6.2026,19:53:6.561
21.6.2026,19:53:7.566
21.6.2026,19:53:8.589
21.6.2026,19:53:9.585
21.6.2026,19:53:10.577
21.6.2026,19:53:11.592
21.6.2026,19:53:12.582
21.6.2026,19:53:13.575
21.6.2026,19:53:14.577
21.6.2026,19:53:15.574
21.6.2026,19:53:16.576
21.6.2026,19:53:17.581
21.6.2026,19:53:18.594
21.6.2026,19:53:19.621
21.6.2026,19:53:20.619
21.6.2026,19:53:21.617
21.6.2026,19:53:22.613
21.6.2026,19:53:23.613
21.6.2026,19:53:24.616
21.6.2026,19:53:25.614
21.6.2026,19:53:26.612
21.6.2026,19:53:27.622
21.6.2026,19:53:28.618
21.6.2026,19:53:29.611
21.6.2026,19:53:30.642
21.6.2026,19:53:31.640
21.6.2026,19:53:32.662
21.6.2026,19:53:33.661
21.6.2026,19:53:34.662
21.6.2026,19:53:35.659
21.6.2026,19:53:36.665
21.6.2026,19:53:37.660
21.6.2026,19:53:38.671
21.6.2026,19:53:39.682
21.6.2026,19:53:40.669
21.6.2026,19:53:41.687
21.6.2026,19:53:42.690
21.6.2026,19:53:43.705
21.6.2026,19:53:44.709
21.6.2026,19:53:45.712
21.6.2026,19:53:48.078
21.6.2026,19:53:49.068
21.6.2026,19:53:50.063
21.6.2026,19:53:51.061
21.6.2026,19:53:52.059
21.6.2026,19:53:53.062
21.6.2026,19:53:54.061
21.6.2026,19:53:55.066
21.6.2026,19:53:56.061
21.6.2026,19:53:57.061
21.6.2026,19:53:58.061
21.6.2026,19:53:59.060
21.6.2026,19:54:0.057
21.6.2026,19:54:1.059
21.6.2026,19:54:2.064
21.6.2026,19:54:3.065
21.6.2026,19:54:4.060
21.6.2026,19:54:5.059
21.6.2026,19:54:6.065
21.6.2026,19:54:7.059
21.6.2026,19:54:8.057
21.6.2026,19:54:9.063
21.6.2026,19:54:10.064
21.6.2026,19:54:11.062
21.6.2026,19:54:12.070
21.6.2026,19:54:13.075
21.6.2026,19:54:14.075
21.6.2026,19:54:15.090
21.6.2026,19:54:16.095
21.6.2026,19:54:17.091
21.6.2026,19:54:18.090
21.6.2026,19:54:19.090
21.6.2026,19:54:20.098
21.6.2026,19:54:21.097
21.6.2026,19:54:22.097
21.6.2026,19:54:23.095
21.6.2026,19:54:24.091
21.6.2026,19:54:25.091
21.6.2026,19:54:26.089
21.6.2026,19:54:27.094
21.6.2026,19:54:28.093
21.6.2026,19:54:29.095
21.6.2026,19:54:30.096
21.6.2026,19:54:31.096
21.6.2026,19:54:32.089
21.6.2026,19:54:33.089
21.6.2026,19:54:34.090
21.6.2026,19:54:35.089
21.6.2026,19:54:36.089
21.6.2026,19:54:37.095
21.6.2026,19:54:38.095
21.6.2026,19:54:39.091
21.6.2026,19:54:40.089
21.6.2026,19:54:41.095
21.6.2026,19:54:42.095
21.6.2026,19:54:43.095
21.6.2026,19:54:44.094
21.6.2026,19:54:45.093
21.6.2026,19:54:46.094
21.6.2026,19:54:47.104
21.6.2026,19:54:48.101
21.6.2026,19:54:49.113
21.6.2026,19:54:50.125
21.6.2026,19:54:51.116
21.6.2026,19:54:52.113
21.6.2026,19:54:53.114
21.6.2026,19:54:54.114
21.6.2026,19:54:55.113
21.6.2026,19:54:56.120
21.6.2026,19:54:57.126
21.6.2026,19:54:58.118
21.6.2026,19:54:59.114
21.6.2026,19:55:0.107
21.6.2026,19:55:1.118
21.6.2026,19:55:2.110
21.6.2026,19:55:3.108
21.6.2026,19:55:4.110
21.6.2026,19:55:5.114
21.6.2026,19:55:6.111
21.6.2026,19:55:7.121
21.6.2026,19:55:8.110
21.6.2026,19:55:9.118
21.6.2026,19:55:10.110
21.6.2026,19:55:11.115
21.6.2026,19:55:12.118
21.6.2026,19:55:13.121
21.6.2026,19:55:14.135
21.6.2026,19:55:15.132
21.6.2026,19:55:16.137
21.6.2026,19:55:17.134
21.6.2026,19:55:18.131
21.6.2026,19:55:19.139
21.6.2026,19:55:20.141
21.6.2026,19:55:21.140
21.6.2026,19:55:22.140
21.6.2026,19:55:23.145
21.6.2026,19:55:24.143
21.6.2026,19:55:25.169
21.6.2026,19:55:26.165
21.6.2026,19:55:27.160
21.6.2026,19:55:28.174
21.6.2026,19:55:29.155
21.6.2026,19:55:30.157
21.6.2026,19:55:31.156
21.6.2026,19:55:32.160
21.6.2026,19:55:33.162
21.6.2026,19:55:34.162
21.6.2026,19:55:35.161
21.6.2026,19:55:36.171
21.6.2026,19:55:37.165
21.6.2026,19:55:38.159
21.6.2026,19:55:39.159
21.6.2026,19:55:40.161
21.6.2026,19:55:41.160
21.6.2026,19:55:42.164
21.6.2026,19:55:43.168
21.6.2026,19:55:44.164
21.6.2026,19:55:45.158
21.6.2026,19:55:46.164
21.6.2026,19:55:47.171
21.6.2026,19:55:48.164
21.6.2026,19:55:49.158
21.6.2026,19:55:50.174
21.6.2026,19:55:51.170
21.6.2026,19:55:52.169
21.6.2026,19:55:53.163
21.6.2026,19:55:54.154
21.6.2026,19:55:55.152
21.6.2026,19:55:56.181
21.6.2026,19:55:57.174
21.6.2026,19:55:58.183
21.6.2026,19:55:59.187
21.6.2026,19:56:0.215
21.6.2026,19:56:1.213
21.6.2026,19:56:2.202
21.6.2026,19:56:3.217
21.6.2026,19:56:4.214
21.6.2026,19:56:5.215
21.6.2026,19:56:6.217
21.6.2026,19:56:7.228
21.6.2026,19:56:8.244
21.6.2026,19:56:9.240
21.6.2026,19:56:10.246
21.6.2026,19:56:11.248
21.6.2026,19:56:12.248
21.6.2026,19:56:13.269
21.6.2026,19:56:14.271
21.6.2026,19:56:15.274
21.6.2026,19:56:16.293
21.6.2026,19:56:17.294
21.6.2026,19:56:18.292
21.6.2026,19:56:19.290
21.6.2026,19:56:20.285
21.6.2026,19:56:21.298
21.6.2026,19:56:22.312
21.6.2026,19:56:23.318
21.6.2026,19:56:24.308
21.6.2026,19:56:25.323
21.6.2026,19:56:26.331
21.6.2026,19:56:27.344
21.6.2026,19:56:28.340
21.6.2026,19:56:29.336
21.6.2026,19:56:30.338
21.6.2026,19:56:31.327
21.6.2026,19:56:32.334
21.6.2026,19:56:33.333
21.6.2026,19:56:34.341
21.6.2026,19:56:35.353
21.6.2026,19:56:36.370
21.6.2026,19:56:37.364
21.6.2026,19:56:38.380
21.6.2026,19:56:39.383
21.6.2026,19:56:40.395
21.6.2026,19:56:41.411
21.6.2026,19:56:42.417
21.6.2026,19:56:43.427
21.6.2026,19:56:44.428
21.6.2026,19:56:45.432
21.6.2026,19:56:46.448
21.6.2026,19:56:47.454
21.6.2026,19:56:48.459
21.6.2026,19:56:49.465
21.6.2026,19:56:50.466
21.6.2026,19:56:51.459
21.6.2026,19:56:52.473
21.6.2026,19:56:53.471
21.6.2026,19:56:54.479
21.6.2026,19:56:55.490
21.6.2026,19:56:56.500
21.6.2026,19:56:57.508
21.6.2026,19:56:58.506
21.6.2026,19:56:59.513
21.6.2026,19:57:0.517
21.6.2026,19:57:1.545
21.6.2026,19:57:2.553
21.6.2026,19:57:3.552
21.6.2026,19:57:4.560
21.6.2026,19:57:5.558
21.6.2026,19:57:6.554
21.6.2026,19:57:7.566
21.6.2026,19:57:8.572
21.6.2026,19:57:9.569
21.6.2026,19:57:10.569
21.6.2026,19:57:11.564
21.6.2026,19:57:12.558
21.6.2026,19:57:13.576
21.6.2026,19:57:14.574
21.6.2026,19:57:15.603
21.6.2026,19:57:16.611
21.6.2026,19:57:17.623
21.6.2026,19:57:18.629
21.6.2026,19:57:19.639
21.6.2026,19:57:20.650
21.6.2026,19:57:21.654
21.6.2026,19:57:22.667
21.6.2026,19:57:23.659
21.6.2026,19:57:24.686
21.6.2026,19:57:25.681
21.6.2026,19:57:26.682
21.6.2026,19:57:27.693
21.6.2026,19:57:28.701
21.6.2026,19:57:32.252
21.6.2026,19:57:32.301
21.6.2026,19:57:33.282
21.6.2026,19:57:34.291
21.6.2026,19:57:35.286
21.6.2026,19:57:36.281
21.6.2026,19:57:37.300
21.6.2026,19:57:38.307
21.6.2026,19:57:39.320
21.6.2026,19:57:40.322
21.6.2026,19:57:41.313
21.6.2026,19:57:42.337
21.6.2026,19:57:43.330
21.6.2026,19:57:44.328
21.6.2026,19:57:45.334
21.6.2026,19:57:46.339
21.6.2026,19:57:47.331
21.6.2026,19:57:48.331
21.6.2026,19:57:49.327
21.6.2026,19:57:50.340
21.6.2026,19:57:51.354
21.6.2026,19:57:52.344
21.6.2026,19:57:53.341
21.6.2026,19:57:54.354
21.6.2026,19:57:55.359
21.6.2026,19:57:56.365
Date,Time
,
